,ADA-USD,AVAX-USD,BCH-USD,BNB-USD,BTC-USD,CRO-USD,DOGE-USD,ETH-USD,HBAR-USD,LEO-USD,LINK-USD,LTC-USD,PYUSD-USD,RAIN-USD,SHIB-USD,SOL-USD,TON-USD,TRX-USD,WBT-USD,XLM-USD,XMR-USD,XRP-USD,ZEC-USD
2025-11-18 01:00:00+00:00,-0.002693525,-0.01804276,-0.004284099,-0.000124019,-0.004046669,0.002267707,0.001108172,-0.005726424,-0.002622842,0.005880931,0.000671782,-0.001172188,-0.000174139,0,0.001478139,0.005727598,0,0.000434175,-0.003011027,0.003664813,0.01064098,-0.002346354,0.008622376
2025-11-18 02:00:00+00:00,-0.000737468,-0.000476057,-0.002296286,-0.005685955,-0.008762911,-0.000762864,-0.000282877,-0.006425183,-0.000458702,-0.000691677,0.000523889,0.001235284,-6.07E-05,0,0.002936501,0.007738946,0,-0.001279433,-0.003101018,-0.0010512,-0.002358911,-0.004979475,-0.009182525
2025-11-18 03:00:00+00:00,0.010094895,0.019493677,0.010824019,-0.004581667,-0.001368411,-0.008399656,0.012907129,0.007645739,0.004721099,-0.003996072,0.007482289,0.011022043,0.000152382,0,0.011297718,0.012156276,0,-0.000156703,-0.002043069,0.006711158,0.01592555,0.012939402,0.033446245
2025-11-18 04:00:00+00:00,-0.008427003,0.005350326,-0.009446408,0.000147309,-0.007323943,-0.001304592,-0.000800098,-0.004941323,-0.003440079,0.000521009,-0.000378899,0.001400554,5.78E-06,0,-0.001888666,0.002490292,0,-0.001808875,-0.003930705,-0.001194086,-0.001759776,-0.001077514,-0.011409093
2025-11-18 05:00:00+00:00,0.005604962,0.001058184,0.002125938,0.007889305,0.000579483,0.010675525,0.00362727,0.001576538,0.00041558,0.002458019,0.002005813,0.009708358,-7.17E-05,0,-0.001292499,0.007476733,0,-0.002924652,0.004773974,-0.000996252,-0.002909539,-0.000600817,-0.006760409
2025-11-18 06:00:00+00:00,-0.012394628,-0.009478334,-0.016334828,-0.005270492,-0.006567663,-0.025911694,-0.005723439,-0.008002523,-0.012893516,0.006900878,-0.00990991,-3.44E-05,-1.06E-05,0,-0.007005044,9.21E-05,0,-0.007036125,-0.006626989,-0.010892371,-0.015583389,-0.006149224,-0.053093825
2025-11-18 07:00:00+00:00,0.007747931,0.008876187,0.019137709,0.006741231,0.009605897,0.002742225,0.00825979,0.012368546,0.005851723,0.012549666,0.006635623,0.014274382,-2.74E-06,0,0.006218208,0.00837217,0.002264594,0.000687937,0.007780892,0.006703862,-0.001296589,0.007873614,0.012476354
2025-11-18 08:00:00+00:00,0.010550837,0.008436124,0.002229266,0.005684914,0.008562794,0.017474599,0.013404689,0.011269892,0.015008742,0.004942692,0.010815331,0.006800041,0.000123449,0,0.007313452,0.00580634,0.002759704,0.001826021,0.007099838,0.011608868,0.000840725,0.01321529,0.021798168
2025-11-18 09:00:00+00:00,-0.002077873,-0.00185011,0.000281213,0.005715066,0.001462782,0.010192633,0.001187708,-0.000752588,0.002927262,-0.003321632,0.000509125,0.000443993,-4.65E-05,0,-0.00066401,0.00117225,0.01098665,-0.000821592,-0.002931658,0.000830128,0.010140071,-0.004260704,-0.01491009
2025-11-18 10:00:00+00:00,0.001886843,-0.001554398,0.000129337,-0.002049231,0.002276801,-0.001792985,-0.001123764,0.002809467,-0.001849954,0.006497641,-0.001044242,-0.010211877,-5.67E-05,0,0.000418592,0.000282247,0,0.004522991,0.002829541,0.001494792,0.008805467,0.005193741,-0.01917897
2025-11-18 11:00:00+00:00,-0.000987636,-0.001453151,-0.004053661,-0.003063874,-0.000506666,-0.001652197,-0.00099378,-0.001105987,-0.003406627,-0.001770038,-0.003518301,0.00243481,3.21E-05,0,-0.002245416,-0.000632814,0,0.000720833,0.002005809,0.000333551,-0.027730252,-0.002501682,-0.024838671
2025-11-18 12:00:00+00:00,-0.001775196,0.000514576,-0.0020288,0.000161866,-0.001224934,-0.006255852,0.000891315,-0.005993221,0.000709697,0.003563808,-0.003519008,0.007432985,-5.16E-05,0,-0.003024241,0.001498879,0,0.000839407,-0.002973711,-0.00011569,-0.008177908,-0.000968923,0.000305416
2025-11-18 13:00:00+00:00,-0.007622277,-0.004084438,0.001167671,-0.000813729,-0.000325784,-0.003376528,-0.004919339,0.000974783,-0.00712005,-0.000414073,-0.004763006,0.000338033,-3.27E-05,0,-0.001279206,0.000856474,0.005994255,-0.000397033,-0.000843732,-0.004618285,0.006764184,-0.006209869,-0.018205538
2025-11-18 14:00:00+00:00,-0.000186703,-0.002795437,0.011849061,0.002929977,0.001478695,0.003266843,0.004339838,0.006186993,0.002371362,-0.001017025,0.004076615,-0.008467805,0.000142059,0,0.003881837,-0.000697861,0,-0.000927986,0.001383884,-0.001987172,-0.002906953,0.003554313,0.006674989
2025-11-18 15:00:00+00:00,0.021466716,0.016828419,0.02773258,0.00756129,0.015723853,0.023980612,0.015869763,0.01458741,0.024488712,-0.000173128,0.021072964,0.015364165,0.000111391,0,0.012638466,0.01303587,0,0.006261889,0.010597286,0.018563708,0.016949196,0.015861253,0.030292221
2025-11-18 16:00:00+00:00,0.011076215,0.005600427,0.032242001,0.012812739,0.005391515,0.020320188,0.00766262,0.013547549,0.004579176,0.000845028,0.012447979,0.000246869,0.0002389,0,0.012060387,0.007800715,0,0.002054138,0.192999424,0.011529517,0.0114394,0.005365114,0.050345788
2025-11-18 17:00:00+00:00,-0.006920108,-0.007449723,-0.008073562,-0.003048612,-0.002037819,0.001992648,-0.001637127,-0.005475038,0.000456946,-0.002527705,-0.004903925,-0.006073609,0.000100682,0,-0.005646191,-0.004749457,0.007464046,0.001328229,-0.008143103,-0.001526516,-0.00470618,-0.001724606,0.012349349
2025-11-18 18:00:00+00:00,0.006703033,0.006092215,0.01721362,0.002044945,0.001111078,0.011797623,0.005705467,0.007950436,0.014951382,0.002569539,0.008145585,-0.006269421,-0.000344769,0,0.005049614,0.008346966,0.002415249,0.000837668,-0.003953889,0.007178807,0.000912135,0.00512569,0.03806124
2025-11-18 19:00:00+00:00,-0.003414476,-0.005533351,0.002619197,-0.001231195,-0.002689586,0.012135257,0.003486316,-0.005861427,-0.005019772,0.001666359,-0.003185322,-0.004277099,4.23E-06,0,-0.003696119,-0.001947873,0,-0.000662777,-0.004626578,0.00448211,-0.013017023,-0.002268353,-0.005966782
2025-11-18 20:00:00+00:00,0.001850031,0.000737668,-0.003780598,0.000253622,-0.002984877,-0.001050703,-0.002366737,-0.003949976,0.001050735,0.005919748,0.001365518,0.003497645,0.000142739,0,-0.001354718,0.004973641,0,-0.002576789,-0.002512322,-0.004523457,0.001247147,0.001274101,-0.006084563
2025-11-18 21:00:00+00:00,-0.013504448,-0.014234933,-0.00701251,-0.006097142,-0.003481021,-0.015073682,-0.004518194,-0.009455874,-0.013031015,0.002449679,-0.013137619,-0.004386817,-8.20E-05,0,-0.010098374,-0.014972489,0,-0.003504588,-0.004852491,-0.009795385,-0.002473793,-0.011111805,-0.02646607
2025-11-18 22:00:00+00:00,0.013693217,0.01094936,0.021425278,0.0053385,0.007157724,0.022502887,0.009310255,0.00809129,0.012068533,0.000845447,0.011099745,0.013038136,3.17E-05,0,0.007634801,0.011823458,0,0.003625623,0.005345709,0.008015732,-0.001993517,0.01029832,0.009749033
2025-11-18 23:00:00+00:00,-0.008228168,-0.006698408,-0.021255846,-0.001414877,-0.001842546,0.017566291,-0.003752428,-0.001626668,-0.004367231,1.11E-05,-0.005533366,-0.004974175,0.000265224,0.02061827,-0.004125985,-0.004615929,-0.009632777,-0.004698675,-0.000960911,-0.005825306,0.001604199,-0.00435948,0.003197262
2025-11-19 00:00:00+00:00,-0.001005871,0.001605779,-0.00885946,-0.000492305,-0.004683214,-0.007203075,-0.003609974,-0.004585834,0.003414975,0.000874982,-0.000368331,0.001791236,-0.000221462,0,-0.000900326,0.005090227,-0.008064096,-0.002021437,-0.001670183,-0.000192043,-0.019302553,-0.003032494,-0.023254808
2025-11-19 01:00:00+00:00,-0.004649035,-0.005810066,-0.021838702,0.001502734,-0.00343021,-0.015416459,-0.001779404,-0.003076364,-0.000931135,0.00225157,-0.008338069,-0.008461873,-0.00012193,0,-0.001721236,-0.010352567,0,-0.002568898,-0.003659955,-0.006980878,-9.92E-05,-0.003749175,-0.013831147
2025-11-19 02:00:00+00:00,0.007068838,0.010333559,6.71E-05,0.006031609,0.004111906,0.018537038,0.003375884,0.00689563,0.001773938,6.95E-05,-0.000383901,0.003162159,-9.47E-05,0,0.004884749,0.017762586,0,0.002526808,0.002764118,0.002612729,0.004169619,0.004698047,0.019081491
2025-11-19 03:00:00+00:00,-0.012241396,-0.014290371,-0.008939811,-0.005720169,-0.007305576,-0.019151859,-0.009588435,-0.011923758,-0.013248415,0.003318988,-0.011612069,-0.006815523,0.002085858,0,-0.011053763,-0.017386882,0,-0.001100945,-0.003974503,-0.008279743,-0.002114045,-0.010622731,-0.020682551
2025-11-19 04:00:00+00:00,-0.005713962,-0.006374604,-0.013324264,-0.007175927,-0.005184521,-0.01582353,-0.006227655,-0.005868929,-0.001449303,-0.001101262,-0.004815158,-0.006901812,-0.00080309,0,-0.005480815,-0.008920058,0,-0.002290618,-0.005945287,-0.004863723,-0.03847441,-0.007381178,0.001537254
2025-11-19 05:00:00+00:00,-0.023736995,-0.025426994,-0.008394424,-0.011795286,-0.01305983,-0.014727574,-0.018278406,-0.017738302,-0.016996474,0.000107159,-0.018410032,-0.013017362,-0.001234407,0,-0.016715989,-0.007941274,0,-0.010046058,-0.013430658,-0.016462338,-0.060464906,-0.017913253,-0.0211588
2025-11-19 06:00:00+00:00,0.012011332,0.013322859,0.009244108,0.009508094,0.007477568,0.007085904,0.006631395,0.010240808,0.008769672,0.001237262,0.00841187,0.010104653,4.88E-05,0,0.006303573,0.009298568,-0.023270442,0.00188832,0.005177146,0.007182973,0.008438358,0.006246892,0.001964969
2025-11-19 07:00:00+00:00,0.013840209,0.012122662,0.009156757,0.006496778,0.010279725,0.04199435,0.011317689,0.014605672,0.01497391,-0.025687467,0.01143082,0.007360333,0.000108157,0,0.009197034,0.011356242,0,0.005395488,0.009558956,0.012908807,0.001722771,0.009545585,0.019298516
2025-11-19 08:00:00+00:00,-0.003059886,0.001253202,-0.010041809,-0.005751624,-0.00467157,-0.009941649,-0.004717723,-0.000750038,-0.009368643,0.003422756,-0.004260405,-0.002152032,-5.38E-05,0,-0.001496378,-0.003787158,0,-0.000295051,-0.002824335,-0.00632073,0.0243971,-0.007099404,-0.000453106
2025-11-19 09:00:00+00:00,4.89E-05,-0.003508392,-0.002112655,-0.00284006,-0.000271085,-0.002697159,0.00015037,0.000653809,-0.003176744,0.00224881,0.003262808,-0.006805717,-5.80E-05,0,-0.000541107,-0.003057882,0,0.000856122,0.000872857,-0.003660306,0.01855045,-0.006991099,0.026612124
2025-11-19 10:00:00+00:00,0.000153906,0.007990692,0.003675768,-0.001123736,-0.001529861,-0.00893989,0.002191332,0.001975072,-0.005481956,-0.001336123,-0.001601708,0.00084244,1.19E-05,0,-0.001852475,-0.001084476,0,-0.001936404,-0.001575447,-0.006279903,0.007571865,-0.00167974,0.010058696
2025-11-19 11:00:00+00:00,-0.001769267,-0.000821688,-0.003724465,-0.001228324,0.001098127,0.001213906,-0.000818869,-0.001909414,-0.006398961,0.00154019,-0.002636761,0.000798192,-8.44E-05,0,-0.001545465,-0.00693983,0,0.001753211,0.001101727,-0.003173426,-0.006902778,-0.001050224,-0.007089964
2025-11-19 12:00:00+00:00,0.007168737,0.006695682,-0.00341657,0.003154673,0.003626661,-0.003117427,0.002795898,0.004284441,0.00724723,-0.000528331,0.001791278,-0.002239629,6.74E-05,0,0.002982677,0.002682991,0,0.000613204,0.001919106,0.002647251,0.001026056,0.002775025,0.010577825
2025-11-19 13:00:00+00:00,-0.008016211,-0.01439853,-0.005534259,-0.007094096,-0.004238247,-0.004151193,-0.008495231,-0.009571484,-0.01043822,-0.000113482,-0.007960173,-0.00722997,4.11E-06,0,-0.007107535,-0.013642697,0,-0.003205932,-0.002410432,-0.009034527,0.005529312,-0.006651553,-0.012376877
2025-11-19 14:00:00+00:00,-0.002527348,-0.004111398,-0.004654005,-0.001108116,0.002822572,0.002119931,-0.001193084,-0.004994381,0.0024866,7.93E-05,-0.003685939,0.005553711,0.000114835,0,-1.29E-05,-0.00026116,0,-0.00335722,-0.000416406,-0.004337504,-0.003741177,-0.002926777,0.028295677
2025-11-19 15:00:00+00:00,-0.015621144,-0.015021524,-0.007777802,-0.024513701,-0.018994941,-0.020850573,-0.018324435,-0.027802307,-0.021126202,-0.000258198,-0.020241952,-0.019469016,-0.000288902,0,-0.013828548,-0.017873747,0,-0.008641705,-0.009352143,-0.01504201,-0.005969135,-0.016048101,-0.014335139
2025-11-19 16:00:00+00:00,-0.016042211,-0.011601301,-0.004402939,-0.009869656,-0.001373133,-0.022021331,-0.015219221,-0.009189199,-0.011310158,-0.00111432,-0.007744392,-0.010623013,5.04E-05,0,-0.011259407,-0.010591456,-0.030532876,0.000275666,-0.004826548,-0.005975982,-0.027865586,-0.00328195,-0.04263678
2025-11-19 17:00:00+00:00,-0.010349132,0.001277724,-0.005925932,-0.0034507,-0.004839855,-0.014605366,-0.020206724,-0.009246014,-0.012517596,0.000884338,0.003074694,-0.006592641,0.000127967,0,-0.004825874,-0.008054993,0,0.000847104,-0.004482164,-0.007070565,-0.003081039,-0.010788862,0.037271541
2025-11-19 18:00:00+00:00,-0.010903007,-0.008057233,-0.014176758,-0.008615842,-0.001459244,-0.00613262,-0.008801637,-0.00614807,-0.008704923,-0.000478176,-0.006490431,-0.009283245,-0.000325317,0,-0.015847807,-0.007981757,-0.020751902,-0.001693981,-0.005394061,-0.008453442,-0.015776135,-0.006703816,0.016148209
2025-11-19 19:00:00+00:00,0.003860606,-0.000698653,0.00626096,0.004436561,-0.003678341,0.002436243,0.008046261,-0.00534251,0.006156004,-0.002849964,0.002586668,0.009063621,0.000105747,0,0.004612005,0.005862861,0,0.001096538,-0.002924487,0.00428264,-0.018264163,-0.001102328,-0.011652222
2025-11-19 20:00:00+00:00,0.016229004,0.017798695,0.007504665,0.009071127,0.008062786,0.021373141,0.009847527,0.021966224,0.022424933,-0.004752394,0.016575923,0.008211325,0.000263097,0,0.007821808,0.010335531,0,0.003973789,0.006178527,0.01124646,0.023856658,0.003387391,0.036894225
2025-11-19 21:00:00+00:00,0.023176978,0.015512444,0.015531426,0.011558726,0.012018624,0.01872531,0.024265329,0.015465624,0.014893141,0.005819759,0.021448293,0.018686071,-0.000390794,0,0.019220101,0.016575027,0,0.003741102,0.008144965,0.020243888,0.004207308,0.022004143,0.026775446
2025-11-19 22:00:00+00:00,-0.005220169,-0.002899381,-0.003523451,-0.00568751,-0.002690176,-0.009327723,-0.007193361,-0.002780085,-0.011560397,-8.49E-05,-0.004125427,-0.003427786,0.000172724,0,-0.001127517,0.000568076,0,0.000817281,-0.00181561,-0.008357928,-0.001017501,0.000801181,0.00616943
2025-11-19 23:00:00+00:00,0.012902246,0.003895954,0.001331441,0.004235472,0.011515836,0.013980632,0.009115069,0.013841139,0.011992378,-0.000315543,0.014109517,0.00798547,0.000241382,0,0.003169835,0.009913326,0,0.00090948,0.007019159,0.013605653,0.003405472,0.00731525,0.003794539
2025-11-20 00:00:00+00:00,-0.001226469,-0.001863998,0.004476717,0.005104296,0.004009453,-0.004055354,-0.001160818,-0.001580191,-0.000327263,0.003849927,-0.001158299,-0.003722235,-9.12E-05,0,0.001054737,0.004732962,0,0.00181617,0.004274644,0.004143011,0.01630715,0.00089992,-0.005125113
2025-11-20 01:00:00+00:00,0.00746635,0.0058571,0.006905567,0.008207922,0.007272378,0.012968574,0.012351418,0.00790114,0.008672671,0.001770503,0.007051825,0.008928847,8.38E-05,0,0.006486981,0.015410592,0.05661217,9.02E-05,0.005560933,0.007119509,0.009777952,0.007526513,0.012912764
2025-11-20 02:00:00+00:00,0.003915529,0.001044828,-0.00641225,0.004267829,0.00138005,0.001707354,0.012043561,0.000414091,0.00520075,0.002422454,0.002035325,-0.001859014,-8.70E-05,0,0.004358259,0.027917942,-0.008769349,-0.000480249,-0.000320775,0.005814193,-0.002936656,0.001894556,-0.005122621
2025-11-20 03:00:00+00:00,-0.00285995,-0.000700513,0.000438411,-0.002003402,-0.001715515,-0.004886345,-0.002952493,-0.0018816,-0.00347975,0.000298098,0.000879904,-0.000334674,-2.05E-05,0,-0.001839413,-0.002582264,0,0.001467016,0.000536452,0.000343989,-0.00771845,0.001385252,0.028796207
2025-11-20 04:00:00+00:00,0.000103594,0.001637069,0.007167524,-0.001038438,0.003682754,0.000977418,0.001340048,0.003903618,0.00524221,0.001754829,0.003437978,0.001354299,-3.86E-05,0,0.001551824,0.00602275,0,5.39E-06,-0.001757317,0.003359978,-0.004864141,0.000505833,-0.010709395
2025-11-20 05:00:00+00:00,0.00032323,-0.003855558,0.026252696,-0.000572179,-0.002770842,-0.001691288,2.09E-05,-0.005307367,-0.000507763,0.000229788,0.006537032,-0.004257397,5.01E-05,-0.520110849,0.00026687,-0.000362905,0,0.000100053,0.001325852,0.00064075,-0.000447745,0.002203409,-0.003470841
2025-11-20 06:00:00+00:00,-0.004699268,-0.003012253,-0.013971381,-0.007294537,-0.007703738,-0.006395431,-0.006284534,-0.005910978,-0.004814643,-0.00027708,-0.003342895,-0.003514332,-7.57E-05,0,-0.003593728,-0.01021604,0,-0.001490015,-0.007108221,-0.004267338,-0.00016134,-0.006598921,-0.007262467
2025-11-20 07:00:00+00:00,0.011405488,0.007188658,0.009014203,0.006418569,0.00505025,0.008276732,0.008246502,0.007395253,0.008346505,0.000624579,0.011786543,0.005551607,0.000213227,0,0.00717532,0.008039664,0,0.001624268,0.00508165,0.003700597,-0.009551564,0.00655243,-0.014156069
2025-11-20 08:00:00+00:00,-0.003380831,-0.002064487,-0.006241831,-0.001930873,-0.002895967,-0.00511224,-0.002649341,-0.003094327,-0.004492329,-0.000962733,0.000825926,-0.003618307,-8.91E-05,0,-0.001112664,-0.002684217,0,-0.001611808,-0.002437887,-0.002304537,0.007696643,-0.005483717,0.001830194
2025-11-20 09:00:00+00:00,-0.004291685,-0.00499357,-0.006500072,-0.006288036,-0.002505171,-0.008827601,-0.00322823,-0.006803671,-0.006120372,-0.002392481,-0.004852248,-0.003329704,-1.40E-05,0,-0.004026237,-0.010084851,0,-0.002820475,-0.004952119,-0.004543385,-0.000924688,-0.004600506,-0.001047153
2025-11-20 10:00:00+00:00,-0.002368266,0.00079675,0.010695474,-0.000113676,-0.000878482,-0.003488695,0.003010633,0.000740006,0.000623759,-0.000785304,-0.010901828,0.000714654,-0.000349594,0,0.001229628,0.00168957,0,-0.001025414,-0.00323799,0.003292184,-0.003860004,0.00072075,0.000549761
2025-11-20 11:00:00+00:00,0.000734209,0.00539766,0.004496169,0.001802643,0.001938598,-0.000277068,0.0021543,0.003577897,-0.005822944,-0.000318638,0.000860547,0.000129245,0.000117082,0,0.001928352,-0.000916626,0,0.000514036,0.000722072,0.006228107,0.007696573,-0.002362105,3.45E-05
2025-11-20 12:00:00+00:00,0.008360196,0.006046642,-0.004010502,0.002028624,-0.001128214,0.016841645,0.006122805,0.001756611,0.007199474,-0.000320053,0.004573976,0.003304788,0.000164714,0,0.011370377,0.000426767,0.004195503,-0.002593404,0.000579075,0.002520137,-0.00602715,0.006191749,0.027734938
2025-11-20 13:00:00+00:00,-0.007020531,-0.002706983,-0.003302794,-0.003538625,-0.002277489,-0.013611379,-0.005014728,-0.008957811,-0.007143315,0.00088848,-0.010598146,-0.007295322,-0.000139546,0,-0.0029026,-0.007494089,0,-0.002372618,-0.003289887,-0.004897595,-0.013370473,-0.001555519,0.017139581
2025-11-20 14:00:00+00:00,-0.002357943,0.002438233,-0.000259537,-0.002544203,-0.006247474,-0.003506583,0.006336668,0.00089984,0.00231044,0.000176148,0.000855904,-1.23E-05,0.000308884,0,0.008541219,0.000480339,0,-0.004532472,-0.006942986,0.003535126,0.00193331,0.000744739,-0.005011995
2025-11-20 15:00:00+00:00,-0.016420087,-0.011073414,-0.005535608,-0.007173557,-0.011939684,-0.019002683,-0.007595281,-0.011823844,-0.015668729,-0.001407424,-0.011584137,-0.017084635,-0.000241374,0,-0.008446576,-0.013196013,0,-0.006435044,-0.006042778,-0.013975266,0.002908567,-0.016214477,-0.006718992
2025-11-20 16:00:00+00:00,-0.043791178,-0.041383887,-0.036665834,-0.015857392,-0.024861696,-0.030977098,-0.049828053,-0.039259282,-0.042755255,0.000496067,-0.043447654,-0.042481015,0.000115805,0,-0.03610675,-0.05426704,0,-0.012554921,-0.018388939,-0.036910709,-0.026248103,-0.041697421,-0.017596068
2025-11-20 17:00:00+00:00,-0.011416513,0.003199089,-0.0004916,0.000247417,-0.006956592,-0.010379886,-0.014367311,-0.006418234,-0.007812579,0.001378175,0.002947869,0.000941967,3.61E-05,0,-0.021309231,0.003826199,0,0.007341897,-0.012410117,-0.01216046,-0.012211864,-0.003944754,0.004834623
2025-11-20 18:00:00+00:00,-0.005130129,-0.00973759,-0.0079355,-0.005561988,-0.008965677,-0.004173534,-0.007394474,-0.008742542,-0.00706048,-0.003718485,-0.004238301,-0.00181269,-0.000154921,0,-0.009967978,0.001108177,0,-0.005451079,-0.008249373,-0.006854138,-0.018190561,-0.006147246,0.006778938
2025-11-20 19:00:00+00:00,0.008893926,0.009312368,0.001833465,0.006688815,0.00489135,0.009659118,0.015494988,0.013139776,0.010226726,-0.000572002,0.007226449,0.00184026,-0.000145342,0,0.014422727,0.009184127,-0.078906651,-0.002687323,0.004293656,0.011807505,-0.010946765,0.009495223,-0.003358336
2025-11-20 20:00:00+00:00,-0.001547761,0.004755764,-5.06E-05,-0.004647827,-0.004643766,0.007018349,-0.000164239,-0.004340988,0.002675348,0.001131937,-0.001478091,0.000157065,6.16E-05,0,-0.006581843,-0.000106975,0,8.54E-05,-0.0026657,0.003887781,-0.00491022,0.002581014,-0.013346897
2025-11-20 21:00:00+00:00,0.012510478,0.006126167,0.01141587,0.002878158,0.009902437,0.012141119,0.013682961,0.014765644,0.007157406,0.005294493,0.014061585,0.01158516,0.000407619,0,0.01877102,0.005105823,0,0.007002691,0.008108713,0.005870313,-0.000888269,0.007753235,0.028649855
2025-11-20 22:00:00+00:00,0.006171619,0.003902394,0.009305223,0.004086129,0.009643689,0.001687803,0.007876357,0.00327212,0.013065728,-0.00221686,0.0062925,0.007672878,-9.52E-05,0,0.006437646,0.013468329,0,0.002115812,0.003345829,0.007959668,0.007782861,0.00806646,-0.004247411
2025-11-20 23:00:00+00:00,-0.021729089,-0.008681451,-0.010743961,-0.016007289,-0.015462065,-0.018674607,-0.022174278,-0.017876366,-0.024316737,0.000706732,-0.022595721,-0.014590729,-0.000185202,0,-0.022192558,-0.019097892,0.013892677,-0.000527656,-0.009980752,-0.02261891,-0.004642786,-0.020775168,-0.059696541
2025-11-21 00:00:00+00:00,0.007209306,0.007260377,0.006795398,0.000661528,0.004880482,0.007665549,0.00439509,0.007154413,0.007678655,-0.000411855,0.01149819,0.009468781,-0.000149153,0,0.007737194,0.004058707,0,0.003924858,0.005410243,0.009037664,0.029163109,0.007159454,0.020511368
2025-11-21 01:00:00+00:00,-0.00127557,8.15E-05,0.001148853,0.004316486,-0.001198295,-0.004663738,-0.000459768,0.001724578,-0.002347529,0.001250268,0.002549493,-0.002111589,6.83E-05,0,0.000672743,0.00018088,0,-0.001240356,-0.001382161,-0.001812778,-0.000318766,-0.000149189,0.007945446
2025-11-21 02:00:00+00:00,-0.016355729,-0.007683254,-0.011818915,-0.010616613,-0.018727502,-0.015348094,-0.020512773,-0.028140632,-0.010117204,0.000109197,-0.016952808,-0.011308583,0.000253011,0,-0.013883072,-0.017848725,0,-0.004738025,-0.011283482,-0.016258822,-0.001781593,-0.01827095,-0.024948811
2025-11-21 03:00:00+00:00,0.00638791,-0.001645793,0.00743561,0.002395041,0.005600808,0.00218302,0.003152764,0.011743618,0.002289671,-0.001087767,0.000104891,0.003502249,-0.000228261,0,0.002744288,0.00758369,-0.017091177,0.003543277,0.001493245,0.005463007,0.002712969,0.004750671,-0.01079156
2025-11-21 04:00:00+00:00,-0.007794856,-0.004770147,0.000983878,0.000427315,0.001084368,-0.000818424,0.001503001,0.000486821,-0.000115772,-0.008670333,-0.002198048,0.000333358,-0.000284565,0,-0.001725142,-0.002614725,-0.005024354,0.000500762,-0.000412904,0.000788165,-0.003608768,-0.000801724,0.009397003
2025-11-21 05:00:00+00:00,-0.009263548,-0.004411829,-0.006293929,-0.004207057,0.001125854,-0.007523686,-0.007693881,-0.003869184,-0.006252283,-0.001168908,-0.009144512,-0.007319001,0.000229102,0,-0.011367531,-0.004650106,0.008519222,0.000565219,-0.000221584,-0.007479719,-0.036314904,-0.003647141,0.001784411
2025-11-21 06:00:00+00:00,-0.004975123,0.004065846,-0.00635324,-0.009000684,-0.006628653,-8.65E-05,-0.001610646,-0.005277384,-0.000235573,0.000181049,0.001265818,0.002831033,-0.000200946,0,0.003274938,-0.007137378,0,-9.55E-06,-0.0044597,0.001342177,-0.002384341,-0.006070965,-0.000477374
2025-11-21 07:00:00+00:00,-0.031814837,-0.04231026,-0.026056262,-0.024689539,-0.019944091,-0.051335496,-0.042008962,-0.028573763,-0.030002281,-0.027805755,-0.04231834,-0.029302738,3.41E-05,0,-0.033188987,-0.029833076,-0.017916838,-0.019522027,-0.003893745,-0.028995231,-0.024298456,-0.024319627,0.036873696
2025-11-21 08:00:00+00:00,0.009979855,0.014695115,0.001252919,-0.00253087,-0.002279057,0.01395075,0.008110391,0.009632925,-0.004826939,-0.004652078,0.008167152,-0.000900988,0.000173505,0,0.008818236,0.007914554,0,0.006658917,0.024535561,0.002822374,-0.009076862,0.00914229,-0.013836548
2025-11-21 09:00:00+00:00,-0.022770358,-0.024395235,-0.002265915,-0.019219977,-0.015307896,-0.01691863,-0.020702836,-0.019112495,-0.02673587,0.010763939,-0.02560512,-0.012758093,0.000214499,0,-0.018527993,-0.017258526,0,-0.001752737,-0.013298959,-0.024130651,-0.007473327,-0.015103702,-0.017204641
2025-11-21 10:00:00+00:00,0.000850486,-0.002745703,0.000127297,-0.001961664,0.003202014,-0.000906767,-0.002663046,0.003142693,0.005265251,-0.009987824,0.000311112,-0.001934469,-0.000326627,-0.093188067,-0.002327733,-0.005381332,0,-0.002663371,-0.000694749,0.000657159,0.028956569,-0.00578953,-0.048648461
2025-11-21 11:00:00+00:00,-0.011233555,-0.006638653,-0.018184121,-0.005147885,-0.0047378,-0.010274908,-0.009773683,-0.003569366,-0.016677956,0.011152308,-0.012622002,-0.015845229,-2.82E-05,0,-0.011920715,-0.009610378,0,-0.003350076,-0.005070977,-0.006844227,-0.011455436,-0.010625114,-0.022785571
2025-11-21 12:00:00+00:00,0.014382207,0.017912503,0.018385777,0.012721479,0.011623744,0.023178226,0.016207454,0.015267121,0.014665057,-0.000310383,0.016079976,0.010206166,0.000354005,0,0.016742821,0.019793295,0,0.002829961,0.006186134,0.020541467,0.006788809,0.01652097,0.019574461
2025-11-21 13:00:00+00:00,0.003973966,0.00180439,0.007536678,0.00546681,0.010905409,0.019126302,0.01092092,0.007441855,0.015514483,-0.003033741,0.002794531,0.010716461,6.10E-05,0,0.009850867,0.009343177,0,0.00370324,0.007528473,0.008181476,0.006845194,0.013733133,0.016323116
2025-11-21 14:00:00+00:00,0.012859388,0.007001893,0.036948032,0.006165889,0.011044579,0.015088195,0.007922344,0.009840915,0.015100768,0.005297446,0.01291297,0.0062601,-4.62E-05,0,0.006693023,0.00954743,0,0.001280475,0.004202179,0.012526757,0.013658347,0.011519454,0.000486894
2025-11-21 15:00:00+00:00,-0.025120381,-0.018972142,0.008088079,-0.019065612,-0.02644915,-0.016218721,-0.024923929,-0.027072283,-0.028839613,0.003796247,-0.030510008,-0.025240945,-4.94E-05,0,-0.020891756,-0.028846808,-0.018316354,-0.005482386,-0.01793396,-0.018301439,-0.01568331,-0.023624788,-0.034715596
2025-11-21 16:00:00+00:00,0.023366354,0.021947058,0.029553705,0.017340748,0.022643174,0.017926511,0.021918971,0.022398807,0.030588802,0.005873581,0.021167454,0.018237086,-8.87E-05,0,0.016662884,0.023635371,0,0.003667303,0.007915442,0.021545337,0.021990478,0.021241273,-0.004393166
2025-11-21 17:00:00+00:00,0.007895205,0.002612833,0.011299804,0.00625815,0.001563521,-0.007171225,0.006387445,0.007914182,0.008590527,0.00780286,0.005953159,-0.000430206,0.000150981,0.020657557,0.003121946,0.008922408,0,0.001797354,0.011108901,0.00621509,-0.010946229,0.015284268,-0.012817952
2025-11-21 18:00:00+00:00,-0.001128297,0.000768206,0.003734032,-0.004613607,-0.003938031,-0.012194452,-0.00512421,-0.002397875,0.003500123,0.006533447,0.002456604,0.000580574,-5.52E-05,0,-0.008626334,0.001576164,0,-0.003571095,-0.004969485,0.001882243,0.003112358,-0.006091078,-0.023579703
2025-11-21 19:00:00+00:00,-0.011743852,-0.00490463,-0.002066521,-0.004228402,-0.004067483,0.000572129,-0.011131701,-0.009570635,-0.014870332,0.001305992,-0.012754275,-0.007535019,8.84E-05,0,-0.005246725,-0.012651037,0.006602368,-0.00183717,-0.005508973,-0.014142765,-0.009253321,-0.012404363,-0.000906287
2025-11-21 20:00:00+00:00,-0.006421853,0.001395308,-0.003796281,-0.001796816,0.004049179,-0.008600544,-0.003193314,-0.00389624,-0.009881913,-0.000294951,-0.003103734,-0.009143209,-5.16E-05,0,-0.010873585,-0.003753093,-0.002344864,0.000260314,-0.001083285,-0.005452675,-0.019958092,0.00025033,-0.015928014
2025-11-21 21:00:00+00:00,0.015225177,0.003030175,0.062383373,0.012190799,0.006904213,0.017296669,0.013771965,0.009158667,0.013869156,-0.00498005,0.011094834,0.008567457,6.83E-05,0,0.018003347,0.010813226,0,0.002803317,0.007602959,0.007530019,0.022833365,0.004293401,-0.025527405
2025-11-21 22:00:00+00:00,-0.026864516,-0.007836447,-0.024012611,-0.0170915,-0.009211403,-0.024000012,-0.029192438,-0.014340933,-0.027690523,0.004422986,-0.024571316,-0.018229524,-0.000123126,0,-0.026976191,-0.02255657,0,-0.003848982,-0.008942084,-0.01941345,-0.012632398,-0.019575119,-0.068611909
2025-11-21 23:00:00+00:00,0.019349816,0.006696047,0.009672746,0.013585692,0.008230324,0.025808401,0.023348495,0.013846766,0.020418629,0.000839677,0.019559247,0.015527541,8.59E-05,0.427818122,0.020428235,0.020323251,0,0.00245235,0.005881926,0.021176263,0.019263499,0.017535116,0.029962173
2025-11-22 00:00:00+00:00,-0.00303041,-0.002755741,-0.003088528,0.005234958,-0.00380795,0.001945925,-0.001640085,0.000664223,-0.003846692,-0.000215543,0.001756106,0.003960837,0.000127885,0,-0.002631839,-0.000702545,0,0.000839032,-0.003479024,-0.002400007,0.007163685,-0.003999907,-0.046464112
2025-11-22 01:00:00+00:00,0.006879098,0.001254282,0.003715669,0.006749829,0.003774774,0.00115839,0.007346722,0.002694776,0.000757232,-0.005566785,0.005213897,0.010238213,-0.000255966,0,0.005530604,0.007261413,0,0.001085826,0.000930773,0.004788038,0.018404384,0.007908248,0.036088376
2025-11-22 02:00:00+00:00,-0.010901183,-0.00121893,-0.011258926,-0.007246242,-0.006939561,-0.008832259,-0.014047529,-0.008127793,-0.000605031,0.002518518,-0.011456139,-0.007570761,8.87E-05,0.076589443,-0.006968178,-0.012913053,0,-0.002204764,-0.005224059,-0.001201277,0.004036343,-0.006271852,-0.013041687
2025-11-22 03:00:00+00:00,0.000346164,-0.000389653,0.008854616,0.002415756,-0.000189356,0.001788293,0.001360276,0.001396434,-0.003623561,-0.006246659,0.001898564,0.001979144,0.000144166,0,-0.002187828,-0.004864859,0,-0.000532091,-0.000606018,-0.000857284,0.001350993,0.001282369,-0.026946591
2025-11-22 04:00:00+00:00,-0.011649316,-0.000142978,-0.003183977,-0.009961175,-0.003149624,-0.008439819,-0.017666447,-0.003355205,-0.009776999,0.000498134,-0.010832771,-0.012721135,-0.000275531,0,-0.007807217,-0.00409744,0,-0.002084581,-0.003698612,-0.010144604,-0.003849577,-0.00946142,-0.020592908
2025-11-22 05:00:00+00:00,-0.003053832,0.000484202,-0.007856131,-0.006308357,0.00114521,-0.00051772,-0.000818919,-0.000449673,-0.004429204,0.000960045,-0.005521968,-0.001036114,9.53E-05,0.023875412,-0.004497761,-0.004571211,0,-0.000347042,-0.00292405,-0.001523221,-0.001894405,-0.001169118,-0.060063563
2025-11-22 06:00:00+00:00,0.012130817,0.002308466,0.008618409,0.010000105,0.00451459,0.012944962,0.017234243,0.00801873,0.013319175,0.00446475,0.007791418,0.011810046,2.83E-05,-0.031361244,0.013518557,0.016178563,0.00674006,0.001976569,0.007215214,0.00878486,0.005711315,0.013344418,0.055681341
2025-11-22 07:00:00+00:00,-9.22E-05,-0.002327867,0.005523423,0.000330387,-0.001228139,0.000885526,0.003309906,-0.003184151,-0.000552209,0.001779117,0.000168698,0.001018546,8.57E-05,-0.000864054,0.001229212,-0.003117483,0,0.000531901,-0.000858634,0.003786165,0.007285535,-0.001596058,0.019550833
2025-11-22 08:00:00+00:00,-0.017768752,-0.000568543,-0.000971398,-0.019480248,-0.005439036,-0.013983608,-0.022698565,-0.008895762,-0.016446729,0.001014395,-0.016287858,-0.017297217,0.000125257,0.000115458,-0.018001368,-0.014157965,0,-0.004304235,-0.005750671,-0.017269084,-0.024720223,-0.018983608,-0.043095322
2025-11-22 09:00:00+00:00,0.004007265,1.86E-05,-0.000400027,0.003506617,-0.002598087,0.003201482,0.011736187,-0.002725492,0.004587161,0.001680999,0.006450747,0.001244635,-0.000173552,0,0.004184595,0.004502722,0,-0.00084333,-0.002712395,0.004531795,0.012677393,0.000743386,0.026227667
2025-11-22 10:00:00+00:00,-0.005895358,0.000244487,0.007418968,0.001122014,-0.001609586,-0.000506909,-0.011108659,-0.004423941,-0.008066698,0.000447635,-0.004273915,-8.11E-05,-5.09E-05,0.007531594,-0.005157087,-0.004083721,-0.019942215,-0.00283623,-0.002429646,-0.006367111,-0.006734573,-0.007046018,0.002970615
2025-11-22 11:00:00+00:00,0.0114719,0.000520261,0.036454053,0.009156864,0.005253489,0.011651035,0.013685589,0.009074226,0.011893582,0.000323554,0.012695611,0.011343617,0.000220955,-0.313465321,0.006599904,0.007599348,0,0.003237434,0.00489903,0.01368702,0.012571964,0.010089278,0.011621854
2025-11-22 12:00:00+00:00,-0.013332251,-0.00788078,-0.014764261,-0.007683259,-0.003494537,-0.012980478,-0.010503364,-0.006253977,-0.012356772,-0.004964079,-0.012241085,-0.010882293,-0.000196449,0,-0.00938369,-0.009600063,0,-0.002424212,-0.00449941,-0.012137199,0.014071083,-0.010217253,-0.024632121
2025-11-22 13:00:00+00:00,-0.009979009,-0.004968356,-0.015745602,-0.002891632,0.000473014,0.000358987,-0.005278688,-0.000785335,0.000838576,0.000118815,-0.003121761,-0.00807561,7.49E-05,0,-0.008534213,-0.000489507,0,0.000272268,0.001259796,-0.003829366,0.010317439,-0.003057516,0.002565327
2025-11-22 14:00:00+00:00,0.013551412,0.009359287,0.015045383,0.007327977,0.006692806,0.009947624,0.02014795,0.00985405,0.014435195,0.004920988,0.013983929,0.007653328,-7.63E-05,-0.365637226,0.013063542,0.010424561,0,0.000985304,0.003640941,0.010643445,0.011210196,0.016114657,0.030192959
2025-11-22 15:00:00+00:00,-0.00241211,-0.005471277,-0.022352382,-0.003402998,-0.00304096,-0.005354053,-0.009487026,-0.003821191,-0.009819584,3.54E-05,-0.006407737,-0.007303357,0.000126459,0,-0.009885074,-0.001359898,0,-0.004621429,-0.003910516,-0.006438104,-0.002525379,-0.000176905,0.000831358
2025-11-22 16:00:00+00:00,0.011139273,0.007448672,0.023358572,0.00955637,0.005747273,0.009640037,0.011934312,0.007852312,0.017055532,-0.003322553,0.015187168,0.009955567,-0.000222283,0,0.011175004,0.01079328,0.020374001,0.00266497,0.007502732,0.008842501,0.004458402,0.009361492,-0.001671277
2025-11-22 17:00:00+00:00,-0.004545347,-0.001316964,0.000536886,-0.002122874,-0.002250267,-0.001525488,-0.004038234,-0.003177033,-0.000367223,0.003739519,-0.00783159,-0.002678674,-3.02E-05,0,-0.004243009,-0.006016124,0,-0.001824388,-0.003922226,-0.003982486,0.010175765,-0.008106936,0.000760935
2025-11-22 18:00:00+00:00,0.005395518,0.00037708,0.012724079,0.005399357,0.000535318,-0.000711739,0.005620107,0.001317141,-5.40E-05,-0.000287649,-0.001971907,0.005221818,0.000178766,0,0.003136189,0.002519554,-0.00835426,-0.000309875,0.001051531,0.001794582,0.001789495,0.000501283,-0.024611601
2025-11-22 19:00:00+00:00,-0.000784604,-0.000147286,0.012522778,0.00154782,0.000861213,0.001989644,0.000331421,0.000189962,0.002043222,0.001492854,0.00593884,-0.00204284,-0.000162605,0,0.00294243,-0.003001368,0,0.000679791,0.001187469,-0.001537653,0.000729775,0.001239581,-0.009212363
2025-11-22 20:00:00+00:00,-0.004307778,-0.001817106,-0.006451136,-0.007618033,-0.002521899,-0.001003941,-0.004559323,-0.004268089,-0.002258311,5.28E-05,-0.00400954,-0.008978668,-9.90E-06,0,-0.005675984,-0.007566228,0,0.000345058,-0.004212112,-0.007969733,-0.007997352,-0.00358504,-0.019512266
2025-11-22 21:00:00+00:00,0.002545718,0.001862626,-0.010876101,0.002751771,-0.00039905,-0.003818208,0.00653777,0.0026648,0.001739799,-0.000393654,0.006203779,0.003891232,-7.69E-06,0,0.006049048,0.001345655,0,0.001058612,0.000979171,0.003052497,0.006585353,0.005272664,0.034713694
2025-11-22 22:00:00+00:00,0.019162369,0.005836496,0.012138063,0.011960108,0.008724247,0.018203105,0.01236658,0.016247051,0.019195118,0.000128648,0.017371193,0.01405893,-1.65E-05,0,0.018267414,0.014378345,0,0.003097447,0.007901514,0.01545104,0.022810625,0.012913628,0.016987354
2025-11-22 23:00:00+00:00,-0.010498662,-0.006846355,-0.008526771,-0.006901854,-0.005200161,-0.005112806,-0.009502606,-0.008174612,-0.007922375,-0.001115935,-0.007116434,-0.008427065,2.49E-05,0,-0.006278811,-0.006174184,0,-0.002446358,-0.004600668,-0.004535252,-0.0098785,-0.005141495,-0.0039515
2025-11-23 00:00:00+00:00,-0.00500247,-0.00037548,-0.008451222,0.001119712,0.002737968,0.012471911,-0.003229368,0.00059323,0.000309508,-0.000380265,-0.003886219,-0.002123119,-0.000378445,0,-0.002682048,0.001803779,0,-0.000212234,0.000521921,-0.001605452,0.003860108,0.003190555,-0.00183387
2025-11-23 01:00:00+00:00,0.012509862,0.005329669,-0.004849021,0.008765925,0.010526437,0.051682485,0.013068031,0.012741449,0.016348835,0.000905655,0.016000504,0.015081394,0.0005934,0,0.010758258,0.013117617,0,0.002308347,0.006075618,0.01380928,0.005278754,0.022356468,0.097358785
2025-11-23 02:00:00+00:00,0.004562009,0.004096606,-0.017215247,0.005167699,0.0025261,-0.003210018,0.006506158,0.005267063,0.012004936,-0.004799492,0.007765529,0.006881101,-0.000145783,0,0.004898756,0.004508533,0,-0.000145275,0.004988139,0.01247968,0.014531461,0.016523893,0.048673805
2025-11-23 03:00:00+00:00,0.001593416,-0.000366307,0.002767947,-0.000198431,0.002156069,0.002795015,0.000974872,0.000633945,-0.000350144,0.0057913,0.002251261,-0.002618403,-3.40E-06,0,0.000281611,-0.001487191,0,-0.000298863,0.000148204,-0.002986671,0.002742627,-0.001040787,-0.022706212
2025-11-23 04:00:00+00:00,0.007854245,0.001501178,0.001148783,0.004432359,0.003826759,0.039436817,0.006984008,0.00144387,0.004533574,0.000164551,0.005936731,0.005066746,-6.20E-06,0,0.010188695,0.007050085,0,0.002189047,0.004211701,0.017694749,0.031487534,0.016891932,-0.007558072
2025-11-23 05:00:00+00:00,-0.002765414,-0.000914408,-0.001830066,-0.003908514,-0.002835124,-0.011011752,-0.001080353,-0.000876031,-0.00101308,0.000223355,-0.001108878,-0.003227324,-7.38E-05,0,-0.00126915,-0.001993677,0.022542279,-0.000836413,-0.00348731,-0.005525991,0.021270918,-0.006497061,0.019676191
2025-11-23 06:00:00+00:00,-0.004571643,-0.00113026,0.005657243,-0.003816689,-0.004621116,-0.023641883,-0.005114638,-0.004692904,-0.006280721,-0.001148334,-0.0072792,-0.009107776,-1.15E-05,-0.113495706,-0.003772399,-0.00930506,0,-0.001678619,-0.004542031,-0.003282308,-0.00527744,-0.006095982,-0.038026929
2025-11-23 07:00:00+00:00,-0.004931277,-0.004075211,0.014742992,-0.003132303,-0.00222108,-0.006269039,-0.00136192,-0.007004761,-0.003453145,0.001375768,-0.00553623,-0.000312464,1.98E-05,0,-0.005363524,-0.003899235,0,-0.001960543,-0.003960459,-0.004676952,0.008258672,-0.008717003,-0.003646224
2025-11-23 08:00:00+00:00,0.006244475,0.002594019,0.000216333,0.003261171,0.005094896,0.004009926,0.004442014,0.007635019,0.00660674,-0.00303099,0.007521263,0.003622953,-2.44E-06,0.114452852,0.002963672,0.005707893,0,0.004109785,0.005824555,0.002457842,0.008342034,0.006299255,0.009364089
2025-11-23 09:00:00+00:00,0.002198057,0.001549484,-0.003488252,0.001402275,0.002600445,0.003723409,0.001801769,0.00113187,0.018361206,0.00365974,0.009701745,0.001412453,-5.13E-05,0,0.003881315,0.00380809,0,0.000267992,0.002012766,0.001907892,-0.012705559,0.005939301,0.01371239
2025-11-23 10:00:00+00:00,-0.005859565,-0.003436837,0.002657376,-0.003103936,-0.00348087,-0.00791278,0.000974743,-0.002712783,0.007256924,8.26E-05,-0.004192627,-0.003379514,-3.26E-05,-0.002634805,-0.004895022,-0.001376321,0,-0.001972192,-0.003315196,-0.000428357,-0.007788101,-0.00512505,-0.013684554
2025-11-23 11:00:00+00:00,-0.000961373,-0.000283827,-0.007001451,0.000555463,0.002469886,-0.000869985,0.000353001,0.002439346,0.00413264,0.001449783,0.00015659,-0.001275047,-6.54E-05,0.338107216,0.000231913,-0.001289148,0,-0.000369697,0.001786739,0.005420736,-0.007311012,-0.003831607,-0.009081923
2025-11-23 12:00:00+00:00,0.009449055,0.002181421,-0.002249919,0.005776048,0.002608424,0.001163751,0.007746795,0.006436886,0.00310925,-0.001202137,0.007928121,0.004709723,0.000272172,0,0.004145372,0.008751316,0.010732386,0.002810432,0.002231499,0.006525356,0.005352734,0.006422632,0.013319087
2025-11-23 13:00:00+00:00,0.005519884,0.002500272,0.00819414,0.002216647,0.004368675,0.010943761,0.002927027,0.003321725,0.02235612,-0.000277436,0.002701286,0.004088735,-4.41E-06,0,0.00340927,0.004708594,0,8.65E-05,0.001994714,0.006073624,0.005039418,0.002731264,-0.005211671
2025-11-23 14:00:00+00:00,-0.008431713,-0.004254082,-0.009127981,-0.00598706,-0.004073711,-0.00429684,-0.003725383,-0.010206781,-0.004177641,-0.001223668,-0.010359816,-0.008294747,0.000154183,-0.006691708,-0.007620652,-0.005889244,0,-0.00169076,-0.002637869,-0.001482246,-0.004037496,-0.002631689,0.001904061
2025-11-23 15:00:00+00:00,0.012319983,0.008378666,0.002682333,0.007332242,0.006897306,0.002454687,0.018032005,0.007963768,0.030091603,0.001442142,0.013916848,0.008868892,-0.000291632,0,0.012076923,0.015578373,0,0.002019675,0.004457423,0.011121628,-0.00319241,0.009697242,0.00818118
2025-11-23 16:00:00+00:00,-0.002708858,-0.002053714,-0.00011202,-0.001355392,-0.004533605,0.005956912,-0.006321747,-0.011232044,-0.006436985,0.001898938,-0.006105031,0.000611579,-9.90E-06,0,-0.002168987,-0.001912638,0,-0.000814745,0.000980098,0.006496216,-0.011492749,0.003249616,-0.005058585
2025-11-23 17:00:00+00:00,-0.014879992,-0.005720122,0.004479798,-0.00502818,9.91E-07,-0.015511617,-0.010150461,-0.004402773,-0.009617437,-0.001905981,-0.009422749,-0.009298235,-0.000171526,0,-0.011459549,-0.008907197,0,0.00020521,-0.003467073,-0.007675666,0.006898078,-0.010692215,0.001295451
2025-11-23 18:00:00+00:00,0.002173486,0.002611777,-0.001996686,0.003374421,0.003010582,0.006140466,0.00706399,0.005029564,0.020609914,-0.001062129,0.004559953,0.005118415,0.000271113,-0.119912474,0.004531351,0.006330215,0,-0.00041707,0.001736071,0.010395562,-0.006965824,0.007160489,0.022132316
2025-11-23 19:00:00+00:00,0.008377677,0.004375028,-0.002542081,0.003369317,0.003937857,0.014838827,0.005176912,0.005389724,0.046015965,0.000980521,0.009335892,0.005699546,-0.000185286,-0.042455522,0.003821984,0.003260363,0,0.000575579,0.003620649,0.016565752,-0.005437838,0.007104184,0.029814266
2025-11-23 20:00:00+00:00,0.000581269,-0.000703072,0.002895721,0.000721162,0.000963054,-0.003029952,-0.001758731,0.002182546,-0.026445121,0.000562568,-0.00033972,-0.002623735,0.000182722,-0.253847936,-0.005576035,0.000662785,0,-0.000370866,0.000262371,-0.006735082,0.009309221,-0.002952612,-0.018527801
2025-11-23 21:00:00+00:00,0.005233955,0.004598354,0.009264894,0.003933512,0.006423673,0.008069963,0.00427783,0.005301678,0.008960637,-0.000947151,0.004419074,0.006702395,-3.76E-05,0,0.006014136,0.005042662,0,0.000932913,0.000635509,0.017498258,0.000995731,0.004431961,0.004002805
2025-11-23 22:00:00+00:00,-0.003325882,-0.002972304,-0.019074973,-0.001051263,-0.000142186,-0.012566608,0.001347287,-0.001680046,-0.01645517,0.000111636,-0.00151846,-0.003140192,-2.98E-06,0,-0.004095846,-0.005195431,0,-0.000777512,-0.000761877,-0.010217938,-0.005655969,-0.002033721,-0.007087032
2025-11-23 23:00:00+00:00,-0.015367362,-0.009445705,-0.007807665,-0.011778959,-0.013716804,-0.0157444,-0.017162519,-0.013532402,-0.008485345,-0.003598043,-0.015411904,-0.013073889,3.94E-05,0,-0.011316909,-0.014168918,0,-0.000453927,-0.009655851,-0.013768599,-0.00071229,-0.014329626,-0.03753328
2025-11-24 00:00:00+00:00,0.000911528,-0.003026931,0.012644755,-0.003811504,-0.000795495,0.00049485,0.001972488,-0.004380376,0.003168602,0.001533027,-0.002130957,0.00234669,8.19E-05,0,-0.00051566,0.002231849,0,-0.000623552,-0.002227639,-0.000565413,0.00301834,0.00286971,0.008773318
2025-11-24 01:00:00+00:00,0.0033016,0.002739361,0.009621476,0.002015882,0.003671503,0.003969485,0.003305161,0.006079113,-0.007957238,0.001913614,0.004129313,0.000624989,4.92E-05,0,0.0024063,0.00278387,0,0.003063949,0.000454447,-0.005242024,-0.013918333,0.002990572,-0.010052885
2025-11-24 02:00:00+00:00,0.012191793,0.008066041,0.008024447,0.006006659,0.004599349,0.00626175,0.009921779,0.010870389,0.017487471,-0.001385821,0.010146733,0.011121412,-1.47E-05,0,0.011215462,0.013044767,0,0.0016533,0.003316216,0.024183735,-0.005504844,0.016349321,0.019162559
2025-11-24 03:00:00+00:00,0.002330202,0.00454102,-0.007172238,0.002325019,-0.000801017,-7.67E-05,0.001726311,0.007148996,0.003544427,0.001019504,0.00137877,0.000345698,-2.57E-05,0,0.005045356,0.001641321,0,0.003512291,0.000454675,-0.006005013,0.0063884,-0.004248669,0.002054454
2025-11-24 04:00:00+00:00,-0.012873751,-0.007668681,-0.012178335,-0.005353003,-0.007502818,-0.002621475,-0.01374143,-0.011312989,-0.013917274,-0.000806812,-0.00964362,-0.008679232,0.000161152,0,-0.007406923,-0.015369826,0.011598377,-0.00130876,-0.006860445,-0.017744292,-0.002171093,-0.01237956,-0.022950802
2025-11-24 05:00:00+00:00,0.016478668,0.011412007,0.004110381,0.010307575,0.007873231,0.004333992,0.016336975,0.014985556,0.004040589,0.000465145,0.012737288,0.00987334,-8.14E-05,0,0.014315978,0.010701253,0,0.001209843,0.005569027,0.017621435,0.000182289,0.014805078,-0.020728995
2025-11-24 06:00:00+00:00,-0.011580769,-0.005245001,-0.007638577,-0.001182231,-0.005231291,-0.010830187,-0.008484896,-0.009746363,-0.01020611,0.00035063,-0.008554305,-0.006712411,2.80E-05,0,-0.006877344,-0.01299048,0,-0.0007069,-0.004698764,-0.007364365,-0.003303098,-0.008602822,-0.034838753
2025-11-24 07:00:00+00:00,0.001766152,0.001896258,0.002074596,0.002663414,0.00065367,0.002110227,-0.000545958,-0.00323572,-0.005517681,-0.003712983,-0.000578745,0.00301612,-4.44E-05,0.824180465,-0.000130262,-0.003879006,0,0.000699803,0.002766017,-0.00435068,-0.001910464,-0.002026448,0.008605916
2025-11-24 08:00:00+00:00,-0.002832486,-0.000698356,0.012110809,0.001153902,-0.00020787,0.00301004,0.001830796,0.003828084,5.29E-05,0.000173748,-4.32E-05,0.00371295,-1.99E-05,0,0.00265406,-0.000523626,0,-0.0015599,-0.005824061,-0.002806449,0.007534836,0.003012648,0.001027338
2025-11-24 09:00:00+00:00,-0.015643308,-0.009775305,-0.013656532,-0.015760552,-0.011458016,-0.012079047,-0.014231228,-0.01553377,-0.016953621,0.001354684,-0.015687652,-0.013273783,-1.18E-05,0,-0.015524748,-0.011414231,0,-0.000937152,-0.008911054,-0.01850592,0.002800723,-0.013867641,-0.016567126
2025-11-24 10:00:00+00:00,0.002903491,-2.59E-05,-0.00307848,0.001107374,0.000991058,0.002366541,0.006426449,0.001613503,0.0005553,0.001781633,0.001406232,-8.05E-05,0.000169612,0,0.002842953,0.001521681,0,0.00042645,0.019643787,0.005719297,0.006218641,0.007190126,0.019646849
2025-11-24 11:00:00+00:00,0.002037712,0.006301059,0.001225581,-0.000414886,0.001985879,0.010098681,-0.000450236,0.00054655,0.002332522,-0.00091442,0.005015203,-0.000301827,-9.18E-06,0,0.00395494,0.003424523,0,-0.000680768,0.00408638,0.005502815,0.004647738,4.37E-05,0.0009734
2025-11-24 12:00:00+00:00,-0.006333843,-0.005931907,-0.000298915,-0.006439613,-0.003448696,-0.007854338,-0.004232279,-0.000259075,-0.009392947,-0.000343022,-0.002041307,-0.006427394,-3.76E-06,0,-0.000886161,-0.001220705,-0.022241183,-0.001244925,-0.002877049,-0.000445878,-0.000668527,0.000951052,-0.017465846
2025-11-24 13:00:00+00:00,0.00894942,0.007559315,0.007678394,0.003068526,0.003033997,0.004895946,0.008676376,0.006141754,0.0030311,0.000774936,0.00415103,0.0058872,-4.30E-05,0,0.009364358,0.003950965,0,0.003717229,0.002566945,0.01485434,-0.004149787,0.012401622,0.011634226
2025-11-24 14:00:00+00:00,-0.006985291,-0.00227149,0.005797422,-0.005520585,-0.004130263,-0.006062727,-0.010763212,-0.00013531,-0.014467302,0.001505299,-0.003659555,0.000258749,0.000121907,0,-0.00592822,0.000360476,-0.004630656,-0.005003701,-0.006307584,-0.0191484,-0.015194645,-0.009858546,0.014480491
2025-11-24 15:00:00+00:00,0.014770774,0.007702588,-2.56E-05,0.010313692,0.008183233,0.002375303,0.015342109,0.009660312,1.65E-05,-0.000121891,0.011560391,0.012753765,-0.000260821,0,0.010072364,0.013626631,0,0.00173525,0.009414838,0.007600759,0.005737316,0.011446701,0.023372329
2025-11-24 16:00:00+00:00,0.005324447,0.006923376,0.004299708,0.005336831,0.007440681,0.008632959,0.005431816,0.004663877,0.016491945,0.000510312,0.005623786,0.008798146,0.00054559,0,0.007804459,0.015523825,0,0.002057077,0.004073785,-0.000726471,-0.002402444,0.012274344,-0.007523497
2025-11-24 17:00:00+00:00,0.028046242,0.019059322,0.008784029,0.019010318,0.013766846,0.022285176,0.027705612,0.028282116,0.024594982,-0.000725645,0.031115916,0.018413627,-0.000223672,-0.740955422,0.024660942,0.021084325,0,0.000379304,0.005971206,0.027601307,0.002153169,0.037765572,0.041359122
2025-11-24 18:00:00+00:00,0.004732628,0.005897994,-0.002104868,0.001245718,0.003170818,0.00894879,0.004714301,0.005153687,0.003927544,0.002280635,-0.002136237,-0.003031036,-8.77E-05,0.047262527,0.000283985,0.003691692,0,-0.000492488,0.00630697,0.010257369,0.001858518,0.008006096,-0.025119396
2025-11-24 19:00:00+00:00,-0.00286984,-0.001480311,0.001770635,0.002268047,-0.004983507,-0.002545907,-0.000119389,0.000216862,-0.003640628,0.001989869,-0.005255355,-0.002714863,-9.25E-05,-0.130015134,-7.65E-05,-0.001534823,0,-0.001011685,-0.003472962,0.004752206,-0.013761181,0.008245192,-0.007560333
2025-11-24 20:00:00+00:00,0.013447509,0.007900885,-0.001571548,0.007052244,0.010257152,0.009073524,0.006765903,0.005234505,0.016919453,0.002684043,0.010616011,0.012651628,1.19E-06,0,0.010191758,0.013094085,0.063878529,0.00021462,0.008219582,0.007085537,0.003987551,0.011093058,-0.019314601
2025-11-24 21:00:00+00:00,-0.01075978,-0.007230636,-0.008884116,-0.007190127,-0.003603643,-0.006802213,-0.008877066,-0.003243898,-0.005988601,0.006888146,-0.008288114,-0.012965568,0.000105812,0.632582911,-0.0044007,-0.001523555,0,-0.002165127,-0.003712961,-0.005118703,0.006364564,-0.007466587,-0.029548689
2025-11-24 22:00:00+00:00,0.002435579,-0.000662705,0.003757033,-0.002190869,-0.001395424,-0.006540111,0.003514473,-0.000937602,-0.004050819,0.001729641,0.000729904,0.001942396,-0.000145934,0,-0.003927124,0.002172863,-0.00363885,-0.001425113,-0.000994016,-0.001437395,0.002761071,-0.000219319,-0.011430053
2025-11-24 23:00:00+00:00,-0.003730231,-0.001043763,-0.008871783,-0.001560416,-0.004949827,-0.001332276,-0.005339572,-0.00231859,-0.003064545,0.000768717,-0.004667747,-0.00757712,-9.42E-06,0,-0.001212489,-0.003975634,0,-0.002590484,-0.004483867,-0.004650273,0.003105713,-0.006444663,-0.023413292
